"count"	"frequency"	"CDR3nt"	"CDR3aa"	"V"	"D"	"J"	"C"
1	0.25	"TGTGCTGCAATGGATAGCAACTATCAGTTAATCTGG"	"CAAMDSNYQLIW"	"TRAV1-2*01"	"."	"TRAJ33*01"	"TRAC"
1	0.25	"TGTGCTGTGACTCTGGGGCTGG"	"out_of_frame"	"TRAV21*01"	"."	"TRAJ28*01"	"TRAC"
1	0.25	"TGTGCTGTGAGTGATGGTGGAGGCTTCAAAACTATCTTT"	"CAVSDGGGFKTIF"	"TRAV8-4*01"	"."	"TRAJ9*01"	"TRAC"
1	0.25	"TGTGCCAGCAGCGGGACTAACGCTTACAATGAGCAGTTCTTC"	"CASSGTNAYNEQFF"	"TRBV9*01"	"TRBD2*01"	"TRBJ2-1*01"	"TRBC"
4	0.181818181818182	"TGTAACTCCCGGGACAGCAGTGGTAACCATCTGGTATTC"	"CNSRDSSGNHLVF"	"IGLV3-19*01"	"."	"IGLJ2*01"	"IGLC"
3	0.136363636363636	"TGCCAGTCCTATGACAGCAGCCTGAGTGGTTCGGTGTTC"	"CQSYDSSLSGSVF"	"IGLV1-40*01"	"."	"IGLJ3*02"	"IGLC"
2	0.0909090909090909	"TGCATGCAAGCTCTGCAAACTATCTCCTTC"	"CMQALQTISF"	"IGKV2-28*01"	"."	"IGKJ5*01"	"IGKC"
2	0.0909090909090909	"TGCTGCTCATATGCAGGCAGTAGTACTTTGGTGTTC"	"CCSYAGSSTLVF"	"IGLV2-23*01"	"."	"IGLJ3*02"	"IGLC"
2	0.0909090909090909	"TGCTCAGCTTGGGACAGCAGCCTCAGTGCTTGGGTGTTC"	"CSAWDSSLSAWVF"	"IGLV10-54*01"	"."	"IGLJ3*02"	"IGLC"
1	0.0454545454545455	"TGTGCGAAAGTGAATTACGGTGACTATTACTACTACGGTCTGGACGTCTGG"	"CAKVNYGDYYYYGLDVW"	"IGHV3-23*01"	"IGHD4-17*01"	"IGHJ6*01"	"IGHC"
1	0.0454545454545455	"TGTCAGGTGTGGGACAGCAGCACAATTGTGGTATTC"	"CQVWDSSTIVVF"	"IGLV3-9*01"	"."	"IGLJ2*01"	"IGLC"
1	0.0454545454545455	"TGCCAACAGTATAATAGTCGTCCGTACAGTTTT"	"CQQYNSRPYSF"	"IGKV1-5*03"	"."	"IGKJ2*03"	"IGKC"
1	0.0454545454545455	"TGTCAGGTGTGGTATAGTACTAGTGATCTTTATGTGGTATTC"	"CQVWYSTSDLYVVF"	"IGLV3-21*01"	"."	"IGLJ2*01"	"IGLC"
1	0.0454545454545455	"TGTGGAACATGGGATAGCAGCCTGAGCGTTTGGGTGTTC"	"CGTWDSSLSVWVF"	"IGLV1-51*02"	"."	"IGLJ3*02"	"IGLC"
1	0.0454545454545455	"TGTCAGCAGTATGGTAGCTCACCTTTATTCATTTTC"	"CQQYGSSPLFIF"	"IGKV3-20*01"	"."	"IGKJ3*01"	"IGKC"
1	0.0454545454545455	"TGTCAACAGTATGACAATCTCCCAACTTTC"	"CQQYDNLPTF"	"IGKV1-33*01"	"."	"IGKJ4*01"	"IGKC"
1	0.0454545454545455	"TGTCAGCAGTATGGTAGTACACCCTCGATCACCTTC"	"CQQYGSTPSITF"	"IGKV3D-20*01"	"."	"IGKJ5*01"	"IGKC"
1	0.0454545454545455	"TGCCTGATCTCCTATGATGGTGCTCGGGTGTTC"	"CLISYDGARVF"	"IGLV7-46*01"	"."	"IGLJ3*02"	"IGLC"
